{"cameraMode":{"drawMode":0,"name":"Shaded","section":"Shading Mode"},"sceneLighting":true,"audioPlay":false,"sceneViewState":{"showFog":true,"showMaterialUpdate":false,"showSkybox":true,"showFlares":true,"showImageEffects":true,"showParticleSystems":true},"in2DMode":false,"pivot":{"x":56.04547119140625,"y":-4.636039733886719,"z":31.363555908203126},"rotation":{"x":0.17496833205223084,"y":0.8077859282493591,"z":-0.29469072818756106,"w":0.4796116054058075},"size":107.54271697998047,"orthographic":false}