{"cameraMode":{"drawMode":0,"name":"Shaded","section":"Shading Mode"},"sceneLighting":true,"audioPlay":false,"sceneViewState":{"showFog":true,"showMaterialUpdate":false,"showSkybox":true,"showFlares":true,"showImageEffects":true,"showParticleSystems":true},"in2DMode":false,"pivot":{"x":48.826942443847659,"y":-14.030731201171875,"z":39.570091247558597},"rotation":{"x":-0.06878093630075455,"y":0.8907089829444885,"z":-0.42566755414009097,"w":-0.1439240276813507},"size":126.59223175048828,"orthographic":false}