{"cameraMode":{"drawMode":0,"name":"Shaded","section":"Shading Mode"},"sceneLighting":true,"audioPlay":false,"sceneViewState":{"showFog":false,"showMaterialUpdate":false,"showSkybox":false,"showFlares":false,"showImageEffects":false,"showParticleSystems":false},"in2DMode":false,"pivot":{"x":186.8875732421875,"y":-57.11883544921875,"z":-132.0510711669922},"rotation":{"x":0.16477787494659425,"y":0.8351342678070068,"z":-0.3777763545513153,"w":0.36426830291748049},"size":390.3487548828125,"orthographic":false}