{"cameraMode":{"drawMode":0,"name":"Shaded","section":"Shading Mode"},"sceneLighting":true,"audioPlay":false,"sceneViewState":{"showFog":false,"showMaterialUpdate":false,"showSkybox":false,"showFlares":false,"showImageEffects":false,"showParticleSystems":false},"in2DMode":false,"pivot":{"x":10.348543167114258,"y":-1.8917827606201172,"z":13.325227737426758},"rotation":{"x":0.1998036503791809,"y":0.7935358285903931,"z":-0.45996052026748659,"w":0.3447083532810211},"size":42.270999908447269,"orthographic":false}