{"cameraMode":{"drawMode":0,"name":"Shaded","section":"Shading Mode"},"sceneLighting":true,"audioPlay":false,"sceneViewState":{"showFog":false,"showMaterialUpdate":false,"showSkybox":false,"showFlares":false,"showImageEffects":false,"showParticleSystems":false},"in2DMode":false,"pivot":{"x":98.46186828613281,"y":-106.81398010253906,"z":51.35955810546875},"rotation":{"x":0.16506598889827729,"y":0.8048285841941834,"z":-0.50605708360672,"w":0.26252174377441409},"size":186.6932830810547,"orthographic":false}